# num,v0,st,lt,dev_st,dev_lt,dev,largest_dev,dist,mod
312,3.559070,0.020487,0.017593,0.071475,0.033237,0.071475,st,-0.011596,49
308,3.558850,0.019010,0.018047,0.005778,0.010282,0.010282,lt,-0.011142,49
309,3.560750,0.020096,0.018077,0.051016,0.008671,0.051016,st,-0.011112,49
311,3.559280,0.019306,0.018136,0.009663,0.001495,0.009663,st,-0.011053,49
306,3.552370,0.018834,0.018402,0.015017,0.046513,0.046513,lt,-0.010787,49
307,3.552370,0.018974,0.018639,0.007653,0.034239,0.034239,lt,-0.010550,49
305,3.558640,0.018836,0.018805,0.014874,0.029343,0.029343,lt,-0.010384,49
304,3.560530,0.019277,0.019031,0.008186,0.059781,0.059781,lt,-0.010158,49
302,3.554030,0.019114,0.019171,0.000367,0.007557,0.007557,lt,-0.010018,49
303,3.559280,0.018988,0.019229,0.006962,0.058648,0.058648,lt,-0.009961,49
14,3.494350,0.018265,0.025932,0.044733,0.100909,0.100909,lt,-0.003257,47
18,3.491840,0.017826,0.026163,0.067708,0.105682,0.105682,lt,-0.003026,47
19,3.493520,0.018207,0.026283,0.047792,0.093023,0.093023,lt,-0.002906,47
9,3.494350,0.017682,0.026461,0.075266,0.082578,0.082578,lt,-0.002728,47
11,3.491840,0.017776,0.026528,0.070323,0.093210,0.093210,lt,-0.002661,47
13,3.491210,0.020224,0.026608,0.057682,0.093685,0.093685,lt,-0.002581,47
42,3.493930,0.017814,0.027077,0.068351,0.063449,0.068351,st,-0.002112,47
296,3.493300,0.018565,0.027120,0.029057,0.065310,0.065310,lt,-0.002069,47
26,3.493730,0.018464,0.027163,0.034332,0.061551,0.061551,lt,-0.002026,47
16,3.492890,0.017963,0.027177,0.060533,0.065519,0.065519,lt,-0.002012,47
43,3.494140,0.018050,0.027266,0.055999,0.055798,0.055999,st,-0.001923,45
17,3.492680,0.018013,0.027294,0.057923,0.062598,0.062598,lt,-0.001895,45
298,3.492680,0.020036,0.027351,0.047871,0.060660,0.060660,lt,-0.001838,45
45,3.494350,0.017908,0.027382,0.063447,0.050639,0.063447,st,-0.001807,45
294,3.492050,0.018433,0.027425,0.035988,0.061442,0.061442,lt,-0.001764,45
288,3.492260,0.018537,0.027444,0.030524,0.059694,0.059694,lt,-0.001745,45
10,3.490800,0.019867,0.027491,0.039041,0.065763,0.065763,lt,-0.001698,45
297,3.493520,0.018546,0.027513,0.030082,0.050590,0.050590,lt,-0.001676,45
8,3.491210,0.017998,0.027551,0.058726,0.061567,0.061567,lt,-0.001638,45
27,3.493300,0.017656,0.027590,0.076582,0.049100,0.076582,st,-0.001599,45
292,3.491840,0.018479,0.027632,0.033571,0.055479,0.055479,lt,-0.001557,43
293,3.492680,0.018384,0.027655,0.038540,0.050219,0.050219,lt,-0.001534,43
49,3.493300,0.017734,0.027694,0.072511,0.045522,0.072511,st,-0.001495,43
284,3.495190,0.019214,0.027749,0.004899,0.033258,0.033258,lt,-0.001440,43
371,3.496230,0.018874,0.027789,0.012922,0.026093,0.026093,lt,-0.001400,43
25,3.494140,0.017993,0.027792,0.058977,0.037557,0.058977,st,-0.001397,43
291,3.492460,0.018958,0.027823,0.008530,0.045640,0.045640,lt,-0.001366,43
38,3.493930,0.017769,0.027851,0.070677,0.036683,0.070677,st,-0.001338,43
277,3.492460,0.019013,0.027852,0.005611,0.044636,0.044636,lt,-0.001337,43
300,3.490800,0.018378,0.027865,0.038867,0.053069,0.053069,lt,-0.001325,43
267,3.492050,0.020300,0.027929,0.061675,0.044197,0.061675,st,-0.001260,41
320,3.494770,0.018765,0.027934,0.018606,0.029161,0.029161,lt,-0.001255,41
276,3.493730,0.019658,0.028004,0.028101,0.032486,0.032486,lt,-0.001185,41
39,3.494350,0.018543,0.028017,0.030220,0.028630,0.030220,st,-0.001173,41
282,3.493300,0.019950,0.028048,0.043342,0.033331,0.043342,st,-0.001141,41
348,3.494350,0.019036,0.028071,0.004410,0.026747,0.026747,lt,-0.001118,41
328,3.493730,0.018843,0.028112,0.014507,0.028765,0.028765,lt,-0.001077,41
593,3.496870,0.019316,0.028130,0.010190,0.010467,0.010467,lt,-0.001059,41
7,3.491210,0.017887,0.028164,0.064525,0.040702,0.064525,st,-0.001025,41
295,3.492260,0.018522,0.028182,0.031326,0.034415,0.034415,lt,-0.001007,41
237,3.493100,0.018596,0.028198,0.027452,0.029268,0.029268,lt,-0.000991,39
289,3.491640,0.018292,0.028205,0.043364,0.036968,0.043364,st,-0.000984,39
201,3.491640,0.020143,0.028215,0.053447,0.036647,0.053447,st,-0.000974,39
331,3.493300,0.018829,0.028216,0.015283,0.027524,0.027524,lt,-0.000973,39
334,3.494140,0.019054,0.028222,0.003516,0.022676,0.022676,lt,-0.000967,39
287,3.492680,0.018771,0.028228,0.018281,0.030529,0.030529,lt,-0.000961,39
561,3.496440,0.019158,0.028229,0.001953,0.009456,0.009456,lt,-0.000960,39
125,3.493520,0.017694,0.028236,0.074602,0.025634,0.074602,st,-0.000953,39
202,3.492680,0.017920,0.028236,0.062821,0.030255,0.062821,st,-0.000953,39
257,3.492050,0.019063,0.028238,0.003020,0.033634,0.033634,lt,-0.000951,39
596,3.496230,0.019448,0.028261,0.017127,0.009544,0.017127,st,-0.000928,37
50,3.487440,0.018020,0.028267,0.057554,0.057111,0.057554,st,-0.000922,37
270,3.491210,0.020468,0.028269,0.070454,0.037133,0.070454,st,-0.000920,37
579,3.496230,0.019139,0.028269,0.000971,0.009268,0.009268,lt,-0.000920,37
4,3.493930,0.018212,0.028294,0.047523,0.021347,0.047523,st,-0.000895,37
330,3.492260,0.019180,0.028296,0.003071,0.030503,0.030503,lt,-0.000893,37
339,3.493100,0.018847,0.028316,0.014295,0.025206,0.025206,lt,-0.000873,37
37,3.494570,0.017722,0.028323,0.073145,0.016755,0.073145,st,-0.000866,37
281,3.491640,0.019011,0.028355,0.005754,0.031842,0.031842,lt,-0.000834,37
6,3.492260,0.017764,0.028370,0.070950,0.027965,0.070950,st,-0.000819,37
97,3.493520,0.017675,0.028377,0.075599,0.020760,0.075599,st,-0.000812,35
587,3.495820,0.019163,0.028380,0.002209,0.007711,0.007711,lt,-0.000809,35
542,3.496440,0.019257,0.028386,0.007139,0.003942,0.007139,st,-0.000803,35
132,3.493100,0.018018,0.028389,0.057660,0.022666,0.057660,st,-0.000800,35
358,3.494350,0.019289,0.028394,0.008787,0.015551,0.015551,lt,-0.000795,35
449,3.496230,0.019302,0.028396,0.009470,0.004789,0.009470,st,-0.000793,35
221,3.492680,0.017867,0.028422,0.065549,0.023883,0.065549,st,-0.000767,35
265,3.491420,0.018850,0.028423,0.014184,0.030747,0.030747,lt,-0.000766,35
514,3.496030,0.019255,0.028428,0.007039,0.004828,0.007039,st,-0.000761,35
283,3.491640,0.018797,0.028433,0.016929,0.029203,0.029203,lt,-0.000756,35
238,3.493730,0.018836,0.028442,0.014877,0.017357,0.017357,lt,-0.000747,33
346,3.492460,0.018965,0.028444,0.008170,0.024320,0.024320,lt,-0.000745,33
286,3.492890,0.019537,0.028453,0.021769,0.021639,0.021769,st,-0.000736,33
275,3.489960,0.019481,0.028454,0.018839,0.037562,0.037562,lt,-0.000735,33
274,3.491840,0.018774,0.028497,0.018127,0.025924,0.025924,lt,-0.000692,33
269,3.491420,0.019244,0.028517,0.006452,0.027534,0.027534,lt,-0.000672,33
529,3.493730,0.019273,0.028520,0.007937,0.014663,0.014663,lt,-0.000669,33
290,3.491210,0.018706,0.028527,0.021674,0.028318,0.028318,lt,-0.000662,33
445,3.494570,0.019154,0.028533,0.001732,0.009494,0.009494,lt,-0.000656,33
327,3.493520,0.018907,0.028536,0.011158,0.015274,0.015274,lt,-0.000653,33
133,3.494140,0.017709,0.028540,0.073842,0.011672,0.073842,st,-0.000649,31
48,3.492680,0.017919,0.028549,0.062870,0.019511,0.062870,st,-0.000640,31
367,3.493520,0.019035,0.028556,0.004511,0.014588,0.014588,lt,-0.000633,31
325,3.493520,0.019051,0.028556,0.003668,0.014582,0.014582,lt,-0.000633,31
124,3.492890,0.019076,0.028558,0.002328,0.018018,0.018018,lt,-0.000631,31
388,3.497070,0.020299,0.028559,0.061597,0.005783,0.061597,st,-0.000630,31
192,3.492890,0.017658,0.028561,0.076512,0.017941,0.076512,st,-0.000628,31
116,3.493300,0.018041,0.028561,0.056479,0.015653,0.056479,st,-0.000628,31
563,3.495410,0.019487,0.028577,0.019172,0.003165,0.019172,st,-0.000612,31
148,3.493730,0.017951,0.028589,0.061201,0.012266,0.061201,st,-0.000600,31
340,3.493300,0.019160,0.028595,0.002033,0.014467,0.014467,lt,-0.000594,29
96,3.492890,0.018018,0.028611,0.057669,0.016221,0.057669,st,-0.000578,29
126,3.492260,0.017981,0.028612,0.059612,0.019657,0.059612,st,-0.000577,29
212,3.493100,0.018576,0.028616,0.028490,0.014883,0.028490,st,-0.000573,29
76,3.493520,0.017885,0.028626,0.064620,0.012159,0.064620,st,-0.000563,29
210,3.493100,0.018821,0.028627,0.015655,0.014482,0.015655,st,-0.000562,29
74,3.493100,0.017831,0.028627,0.067430,0.014476,0.067430,st,-0.000562,29
268,3.492890,0.018773,0.028628,0.018211,0.015613,0.018211,st,-0.000561,29
591,3.496230,0.019369,0.028631,0.012992,0.003415,0.012992,st,-0.000559,29
21,3.489330,0.019337,0.028631,0.011293,0.034960,0.034960,lt,-0.000558,29
233,3.490800,0.018832,0.028639,0.015081,0.026754,0.026754,lt,-0.000550,27
220,3.493300,0.017671,0.028643,0.075838,0.012823,0.075838,st,-0.000546,27
345,3.494350,0.019180,0.028646,0.003081,0.006807,0.006807,lt,-0.000543,27
350,3.492680,0.018826,0.028652,0.015394,0.015958,0.015958,lt,-0.000537,27
138,3.493730,0.017785,0.028657,0.069863,0.009925,0.069863,st,-0.000532,27
120,3.493520,0.018053,0.028665,0.055868,0.010823,0.055868,st,-0.000524,27
511,3.494570,0.019173,0.028672,0.002727,0.004644,0.004644,lt,-0.000517,27
285,3.490800,0.018726,0.028678,0.020654,0.025435,0.025435,lt,-0.000511,27
142,3.494350,0.017766,0.028678,0.070880,0.005698,0.070880,st,-0.000511,27
315,3.493100,0.019417,0.028703,0.015506,0.011855,0.015506,st,-0.000486,27
360,3.493730,0.019656,0.028706,0.028007,0.008216,0.028007,st,-0.000483,25
70,3.493520,0.017948,0.028710,0.061358,0.009273,0.061358,st,-0.000479,25
242,3.492890,0.018979,0.028718,0.007403,0.012521,0.012521,lt,-0.000471,25
562,3.494770,0.019143,0.028719,0.001159,0.001883,0.001883,lt,-0.000470,25
22,3.491640,0.017870,0.028724,0.065417,0.019255,0.065417,st,-0.000465,25
211,3.492460,0.017999,0.028729,0.058655,0.014542,0.058655,st,-0.000460,25
376,3.494350,0.018844,0.028730,0.014495,0.003875,0.014495,st,-0.000459,25
259,3.491840,0.020515,0.028733,0.072894,0.017832,0.072894,st,-0.000456,25
359,3.493930,0.019069,0.028741,0.002697,0.005877,0.005877,lt,-0.000448,25
279,3.491420,0.018595,0.028743,0.027478,0.019825,0.027478,st,-0.000446,25
525,3.494140,0.019285,0.028764,0.008575,0.003897,0.008575,st,-0.000425,23
530,3.495610,0.019458,0.028765,0.017639,0.004536,0.017639,st,-0.000424,23
336,3.492260,0.019698,0.028765,0.030199,0.014416,0.030199,st,-0.000424,23
95,3.492890,0.018119,0.028766,0.052403,0.010864,0.052403,st,-0.000423,23
178,3.493300,0.017979,0.028769,0.059708,0.008492,0.059708,st,-0.000420,23
583,3.496440,0.019498,0.028774,0.019725,0.009658,0.019725,st,-0.000415,23
163,3.493300,0.018115,0.028782,0.052614,0.008045,0.052614,st,-0.000408,23
490,3.492460,0.019193,0.028783,0.003797,0.012702,0.012702,lt,-0.000406,23
32,3.489530,0.017645,0.028785,0.077207,0.028668,0.077207,st,-0.000404,23
271,3.491840,0.018967,0.028786,0.008047,0.016045,0.016045,lt,-0.000403,23
533,3.492680,0.019041,0.028794,0.004170,0.011091,0.011091,lt,-0.000395,21
594,3.495820,0.019426,0.028797,0.015967,0.006854,0.015967,st,-0.000393,21
335,3.492460,0.019109,0.028799,0.000598,0.012151,0.012151,lt,-0.000390,21
523,3.493930,0.019334,0.028801,0.011131,0.003806,0.011131,st,-0.000388,21
222,3.492050,0.017873,0.028802,0.065248,0.014319,0.065248,st,-0.000387,21
313,3.492260,0.018927,0.028805,0.010141,0.013045,0.013045,lt,-0.000384,21
584,3.494570,0.019271,0.028805,0.007858,0.000024,0.007858,st,-0.000384,21
373,3.494980,0.018961,0.028806,0.008378,0.002344,0.008378,st,-0.000383,21
515,3.493930,0.019166,0.028815,0.002384,0.003342,0.003342,lt,-0.000374,21
214,3.492260,0.017791,0.028824,0.069524,0.012409,0.069524,st,-0.000365,21
75,3.493100,0.017806,0.028826,0.068750,0.007653,0.068750,st,-0.000363,19
144,3.493300,0.017898,0.028841,0.063955,0.006012,0.063955,st,-0.000348,19
278,3.489750,0.020142,0.028842,0.053413,0.025571,0.053413,st,-0.000347,19
521,3.493930,0.019091,0.028851,0.001569,0.002085,0.002085,lt,-0.000338,19
183,3.492260,0.018028,0.028852,0.057127,0.011458,0.057127,st,-0.000337,19
280,3.492260,0.019222,0.028852,0.005283,0.011435,0.011435,lt,-0.000337,19
215,3.492890,0.018013,0.028854,0.057948,0.007869,0.057948,st,-0.000335,19
121,3.493730,0.017964,0.028858,0.060506,0.002990,0.060506,st,-0.000331,19
127,3.492460,0.017863,0.028860,0.065803,0.010061,0.065803,st,-0.000329,19
129,3.492890,0.017752,0.028864,0.071580,0.007514,0.071580,st,-0.000325,19
224,3.492680,0.018606,0.028871,0.026915,0.008435,0.026915,st,-0.000318,17
363,3.491640,0.018806,0.028874,0.016443,0.014129,0.016443,st,-0.000315,17
111,3.493930,0.017651,0.028874,0.076864,0.001279,0.076864,st,-0.000315,17
332,3.491420,0.018802,0.028876,0.016651,0.015282,0.016651,st,-0.000313,17
23,3.491210,0.017752,0.028878,0.071590,0.016364,0.071590,st,-0.000311,17
497,3.494140,0.019183,0.028879,0.003270,0.000061,0.003270,st,-0.000310,17
321,3.490590,0.019144,0.028885,0.001194,0.019546,0.019546,lt,-0.000304,17
375,3.492460,0.018819,0.028890,0.015759,0.009020,0.015759,st,-0.000299,17
85,3.488690,0.019326,0.028892,0.010723,0.029588,0.029588,lt,-0.000297,17
246,3.490590,0.018706,0.028896,0.021693,0.019161,0.021693,st,-0.000293,17
441,3.494350,0.019257,0.028902,0.007098,0.002054,0.007098,st,-0.000288,15
496,3.493930,0.019335,0.028905,0.011210,0.000210,0.011210,st,-0.000284,15
115,3.492680,0.017640,0.028912,0.077428,0.007030,0.077428,st,-0.000277,15
130,3.492260,0.017771,0.028913,0.070595,0.009347,0.070595,st,-0.000276,15
249,3.492460,0.019115,0.028915,0.000301,0.008161,0.008161,lt,-0.000274,15
333,3.492050,0.018854,0.028920,0.013963,0.010279,0.013963,st,-0.000269,15
356,3.493730,0.019157,0.028920,0.001897,0.000831,0.001897,st,-0.000269,15
209,3.492260,0.017776,0.028921,0.070324,0.009087,0.070324,st,-0.000268,15
372,3.492680,0.018794,0.028926,0.017068,0.006566,0.017068,st,-0.000263,15
446,3.493520,0.019130,0.028926,0.000504,0.001819,0.001819,lt,-0.000263,15
541,3.493730,0.019224,0.028933,0.005395,0.000388,0.005395,st,-0.000256,13
137,3.493930,0.017961,0.028934,0.060651,0.000791,0.060651,st,-0.000255,13
240,3.492680,0.018746,0.028935,0.019576,0.006232,0.019576,st,-0.000254,13
444,3.493930,0.019473,0.028937,0.018405,0.000885,0.018405,st,-0.000252,13
223,3.493100,0.017660,0.028941,0.076390,0.003664,0.076390,st,-0.000248,13
522,3.493930,0.019572,0.028948,0.023602,0.001254,0.023602,st,-0.000241,13
36,3.491210,0.017689,0.028951,0.074859,0.013870,0.074859,st,-0.000238,13
574,3.493520,0.019255,0.028956,0.007027,0.000791,0.007027,st,-0.000233,13
174,3.493100,0.017825,0.028966,0.067788,0.002834,0.067788,st,-0.000223,13
245,3.491210,0.018904,0.028972,0.011324,0.013159,0.013159,lt,-0.000217,13
459,3.494980,0.019582,0.028978,0.024147,0.008345,0.024147,st,-0.000211,11
106,3.493730,0.018045,0.028982,0.056264,0.001321,0.056264,st,-0.000207,11
139,3.492890,0.017891,0.028985,0.064292,0.003361,0.064292,st,-0.000204,11
564,3.496230,0.019547,0.028987,0.022291,0.015913,0.022291,st,-0.000202,11
136,3.493730,0.017934,0.028987,0.062048,0.001492,0.062048,st,-0.000202,11
113,3.491640,0.017824,0.029004,0.067843,0.009700,0.067843,st,-0.000185,11
323,3.490800,0.018972,0.029008,0.007768,0.014209,0.014209,lt,-0.000181,11
582,3.496230,0.019286,0.029018,0.008622,0.016978,0.016978,lt,-0.000172,11
213,3.490590,0.017665,0.029019,0.076135,0.014989,0.076135,st,-0.000170,11
467,3.494770,0.019280,0.029026,0.008307,0.008790,0.008790,lt,-0.000163,11
545,3.493520,0.019194,0.029030,0.003822,0.001769,0.003822,st,-0.000159,9
272,3.489120,0.018996,0.029031,0.006530,0.022601,0.022601,lt,-0.000158,9
81,3.493520,0.017941,0.029044,0.061710,0.002246,0.061710,st,-0.000145,9
2,3.491640,0.019912,0.029045,0.041372,0.008296,0.041372,st,-0.000144,9
78,3.493300,0.018033,0.029048,0.056866,0.001154,0.056866,st,-0.000141,9
3,3.490370,0.018887,0.029049,0.012203,0.015195,0.015195,lt,-0.000140,9
341,3.490370,0.019970,0.029055,0.044426,0.014974,0.044426,st,-0.000134,9
82,3.493100,0.018061,0.029058,0.055432,0.000349,0.055432,st,-0.000131,9
110,3.493730,0.017831,0.029061,0.067479,0.004032,0.067479,st,-0.000128,9
517,3.493300,0.019215,0.029066,0.004934,0.001758,0.004934,st,-0.000123,9
112,3.492680,0.018116,0.029070,0.052541,0.001598,0.052541,st,-0.000119,7
140,3.492680,0.017783,0.029071,0.069988,0.001578,0.069988,st,-0.000118,7
199,3.492890,0.019807,0.029073,0.035890,0.000336,0.035890,st,-0.000116,7
273,3.492050,0.018951,0.029073,0.008895,0.005056,0.008895,st,-0.000116,7
395,3.494350,0.019427,0.029079,0.016007,0.008219,0.016007,st,-0.000110,7
588,3.493930,0.019363,0.029084,0.012647,0.005985,0.012647,st,-0.000105,7
131,3.492260,0.017716,0.029086,0.073490,0.003436,0.073490,st,-0.000103,7
225,3.492050,0.017703,0.029089,0.074173,0.004490,0.074173,st,-0.000100,7
326,3.490160,0.018809,0.029105,0.016322,0.014436,0.016322,st,-0.000084,7
103,3.492680,0.018077,0.029106,0.054599,0.000362,0.054599,st,-0.000083,7
413,3.494980,0.019096,0.029111,0.001319,0.012954,0.012954,lt,-0.000078,5
513,3.493300,0.019223,0.029112,0.005372,0.003354,0.005372,st,-0.000077,5
216,3.492050,0.017907,0.029113,0.063492,0.003679,0.063492,st,-0.000076,5
190,3.492680,0.018867,0.029118,0.013290,0.000021,0.013290,st,-0.000071,5
175,3.493520,0.018049,0.029118,0.056064,0.004810,0.056064,st,-0.000071,5
557,3.493300,0.019382,0.029119,0.013641,0.003578,0.013641,st,-0.000070,5
219,3.493300,0.017789,0.029125,0.069636,0.003797,0.069636,st,-0.000064,5
167,3.492680,0.017724,0.029126,0.073060,0.000328,0.073060,st,-0.000063,5
250,3.493930,0.018961,0.029128,0.008343,0.007491,0.008343,st,-0.000061,5
107,3.492680,0.018040,0.029128,0.056515,0.000390,0.056515,st,-0.000061,5
575,3.493520,0.019345,0.029137,0.011745,0.005472,0.011745,st,-0.000052,3
422,3.493930,0.019428,0.029138,0.016053,0.007837,0.016053,st,-0.000051,3
83,3.493100,0.018489,0.029140,0.033042,0.003186,0.033042,st,-0.000049,3
164,3.493520,0.017957,0.029143,0.060890,0.005678,0.060890,st,-0.000046,3
535,3.494140,0.019168,0.029145,0.002466,0.009278,0.009278,lt,-0.000044,3
260,3.491840,0.018943,0.029150,0.009323,0.003588,0.009323,st,-0.000039,3
208,3.492050,0.018512,0.029151,0.031861,0.002392,0.031861,st,-0.000038,3
450,3.493520,0.019309,0.029152,0.009862,0.005988,0.009862,st,-0.000037,3
310,3.491000,0.018845,0.029153,0.014434,0.008189,0.014434,st,-0.000036,3
518,3.492890,0.019606,0.029153,0.025382,0.002422,0.025382,st,-0.000036,3
442,3.492680,0.019281,0.029171,0.008369,0.001842,0.008369,st,-0.000018,1
179,3.492260,0.018101,0.029172,0.053323,0.000476,0.053323,st,-0.000017,1
437,3.493730,0.019364,0.029177,0.012734,0.008054,0.012734,st,-0.000012,1
324,3.489750,0.019076,0.029180,0.002330,0.014165,0.014165,lt,-0.000009,1
589,3.493300,0.019177,0.029183,0.002923,0.005794,0.005794,lt,-0.000006,1
458,3.494350,0.019799,0.029183,0.035484,0.011826,0.035484,st,-0.000006,1
146,3.494770,0.018052,0.029183,0.055892,0.014256,0.055892,st,-0.000006,1
161,3.492460,0.018083,0.029189,0.054261,0.001232,0.054261,st,0.000000,1
342,3.491640,0.018985,0.029193,0.007109,0.003255,0.007109,st,0.000004,1
338,3.490590,0.019189,0.029193,0.003559,0.009093,0.009093,lt,0.000004,1
427,3.493930,0.018812,0.029197,0.016167,0.009873,0.016167,st,0.000008,2
344,3.489750,0.018765,0.029202,0.018588,0.013396,0.018588,st,0.000013,2
134,3.493730,0.018101,0.029209,0.053339,0.009149,0.053339,st,0.000020,2
243,3.490590,0.019572,0.029211,0.023617,0.008466,0.023617,st,0.000022,2
592,3.493300,0.020027,0.029211,0.047404,0.006767,0.047404,st,0.000022,2
495,3.488070,0.018918,0.029215,0.010620,0.022109,0.022109,lt,0.000026,2
544,3.493520,0.019067,0.029217,0.002817,0.008229,0.008229,lt,0.000028,2
524,3.492680,0.019256,0.029219,0.007094,0.003493,0.007094,st,0.000030,2
477,3.492680,0.019687,0.029219,0.029636,0.003511,0.029636,st,0.000030,2
516,3.493100,0.019046,0.029220,0.003918,0.005935,0.005935,lt,0.000031,2
182,3.493520,0.018553,0.029223,0.029705,0.008428,0.029705,st,0.000034,4
228,3.492890,0.017819,0.029223,0.068065,0.004844,0.068065,st,0.000034,4
170,3.492460,0.017881,0.029224,0.064834,0.002417,0.064834,st,0.000035,4
397,3.494980,0.019276,0.029227,0.008130,0.016996,0.016996,lt,0.000038,4
108,3.493520,0.018184,0.029240,0.048997,0.009005,0.048997,st,0.000051,4
60,3.492050,0.018175,0.029243,0.049439,0.000773,0.049439,st,0.000054,4
568,3.492890,0.019416,0.029244,0.015420,0.005541,0.015420,st,0.000055,4
432,3.492890,0.019120,0.029257,0.000060,0.006004,0.006004,lt,0.000068,4
241,3.492460,0.018821,0.029266,0.015669,0.003865,0.015669,st,0.000077,4
205,3.491840,0.018264,0.029268,0.044825,0.000445,0.044825,st,0.000079,4
425,3.493930,0.019215,0.029274,0.004912,0.012543,0.012543,lt,0.000085,6
203,3.490590,0.018096,0.029275,0.053609,0.006291,0.053609,st,0.000086,6
581,3.495190,0.019252,0.029277,0.006841,0.019951,0.019951,lt,0.000088,6
431,3.492260,0.019353,0.029279,0.012139,0.003171,0.012139,st,0.000090,6
472,3.494570,0.019383,0.029285,0.013738,0.016626,0.016626,lt,0.000096,6
261,3.492680,0.019372,0.029294,0.013119,0.006075,0.013119,st,0.000105,6
520,3.493100,0.019191,0.029295,0.003670,0.008514,0.008514,lt,0.000106,6
570,3.493930,0.019335,0.029297,0.011216,0.013340,0.013340,lt,0.000108,6
319,3.489120,0.020213,0.029313,0.057141,0.013095,0.057141,st,0.000124,6
354,3.494140,0.018923,0.029316,0.010336,0.015211,0.015211,lt,0.000127,6
99,3.489530,0.017897,0.029323,0.063995,0.010527,0.063995,st,0.000134,8
177,3.491420,0.017993,0.029323,0.059003,0.000034,0.059003,st,0.000134,8
191,3.491840,0.017850,0.029324,0.066458,0.002359,0.066458,st,0.000135,8
546,3.492890,0.019118,0.029327,0.000129,0.008423,0.008423,lt,0.000138,8
236,3.490590,0.018582,0.029330,0.028164,0.004429,0.028164,st,0.000141,8
443,3.492460,0.019144,0.029332,0.001234,0.006139,0.006139,lt,0.000143,8
355,3.493100,0.019381,0.029334,0.013589,0.009833,0.013589,st,0.000144,8
543,3.493300,0.019160,0.029334,0.002063,0.011003,0.011003,lt,0.000145,8
109,3.492050,0.017904,0.029335,0.063628,0.003919,0.063628,st,0.000146,8
434,3.492680,0.019132,0.029336,0.000595,0.007525,0.007525,lt,0.000147,8
188,3.492890,0.018247,0.029345,0.045706,0.009014,0.045706,st,0.000156,10
499,3.492260,0.019090,0.029345,0.001587,0.005434,0.005434,lt,0.000156,10
337,3.490160,0.019217,0.029357,0.005011,0.005905,0.005905,lt,0.000168,10
368,3.490590,0.019213,0.029357,0.004805,0.003505,0.004805,st,0.000168,10
316,3.491000,0.020148,0.029360,0.053734,0.001136,0.053734,st,0.000171,10
429,3.493520,0.019241,0.029362,0.006271,0.013235,0.013235,lt,0.000173,10
150,3.493300,0.017893,0.029367,0.064232,0.012148,0.064232,st,0.000178,10
61,3.493100,0.018173,0.029369,0.049591,0.011068,0.049591,st,0.000180,10
239,3.491420,0.020149,0.029370,0.053779,0.001556,0.053779,st,0.000181,10
462,3.494570,0.019432,0.029375,0.016299,0.019752,0.019752,lt,0.000186,10
396,3.493930,0.019303,0.029381,0.009553,0.016239,0.016239,lt,0.000192,12
189,3.491640,0.017707,0.029381,0.073963,0.003176,0.073963,st,0.000192,12
374,3.489330,0.018870,0.029388,0.013090,0.009432,0.013090,st,0.000199,12
262,3.492050,0.018960,0.029399,0.008434,0.006121,0.008434,st,0.000210,12
143,3.493520,0.017833,0.029409,0.067373,0.014831,0.067373,st,0.000220,12
439,3.493300,0.019367,0.029409,0.012865,0.013578,0.013578,lt,0.000220,12
485,3.492050,0.020348,0.029414,0.064201,0.006620,0.064201,st,0.000225,12
226,3.489330,0.017906,0.029422,0.063550,0.008281,0.063550,st,0.000233,12
155,3.490800,0.017676,0.029431,0.075567,0.000163,0.075567,st,0.000242,12
390,3.493730,0.019290,0.029436,0.008860,0.016981,0.016981,lt,0.000247,12
247,3.490800,0.018687,0.029437,0.022676,0.000355,0.022676,st,0.000248,14
481,3.492890,0.019729,0.029437,0.031788,0.012183,0.031788,st,0.000248,14
230,3.491420,0.017924,0.029439,0.062578,0.003907,0.062578,st,0.000250,14
322,3.489750,0.019044,0.029442,0.004001,0.005298,0.005298,lt,0.000253,14
329,3.489330,0.018986,0.029455,0.007068,0.007184,0.007184,lt,0.000266,14
418,3.492680,0.019380,0.029458,0.013548,0.011715,0.013548,st,0.000269,14
347,3.490160,0.018902,0.029460,0.011447,0.002433,0.011447,st,0.000271,14
552,3.493520,0.019996,0.029462,0.045799,0.016684,0.045799,st,0.000273,14
409,3.493930,0.019100,0.029467,0.001093,0.019205,0.019205,lt,0.000278,14
318,3.489120,0.019025,0.029473,0.005018,0.007739,0.007739,lt,0.000284,14
162,3.493100,0.017811,0.029482,0.068499,0.014931,0.068499,st,0.000293,16
539,3.492050,0.019094,0.029483,0.001424,0.008985,0.008985,lt,0.000294,16
58,3.492260,0.018150,0.029496,0.050752,0.010605,0.050752,st,0.000307,16
573,3.490800,0.019134,0.029497,0.000704,0.002406,0.002406,lt,0.000308,16
493,3.493730,0.019439,0.029499,0.016661,0.019165,0.019165,lt,0.000310,16
426,3.493930,0.019720,0.029502,0.031354,0.020421,0.031354,st,0.000313,16
428,3.493730,0.020131,0.029504,0.052813,0.019340,0.052813,st,0.000315,16
166,3.489530,0.018078,0.029504,0.054518,0.004417,0.054518,st,0.000315,16
88,3.489750,0.017952,0.029509,0.061116,0.003021,0.061116,st,0.000320,16
416,3.493300,0.020212,0.029512,0.057080,0.017134,0.057080,st,0.000323,16
538,3.493300,0.019958,0.029516,0.043787,0.017258,0.043787,st,0.000327,18
90,3.489330,0.017737,0.029518,0.072384,0.005050,0.072384,st,0.000329,18
197,3.493300,0.017753,0.029526,0.071557,0.017620,0.071557,st,0.000337,18
1,3.489750,0.018419,0.029529,0.036685,0.002345,0.036685,st,0.000340,18
519,3.492050,0.018973,0.029537,0.007745,0.010815,0.010815,lt,0.000348,18
67,3.488910,0.017693,0.029540,0.074686,0.006641,0.074686,st,0.000350,18
377,3.489120,0.018936,0.029542,0.009686,0.005408,0.009686,st,0.000353,18
399,3.493520,0.019077,0.029545,0.002264,0.019539,0.019539,lt,0.000356,18
353,3.493100,0.019070,0.029546,0.002651,0.017142,0.017142,lt,0.000357,18
180,3.489960,0.017908,0.029550,0.063423,0.000479,0.063423,st,0.000361,18
102,3.492050,0.017922,0.029557,0.062703,0.011526,0.062703,st,0.000368,20
158,3.492890,0.018010,0.029559,0.058086,0.016393,0.058086,st,0.000370,20
571,3.491840,0.019277,0.029571,0.008160,0.010784,0.010784,lt,0.000382,20
229,3.490800,0.017797,0.029573,0.069245,0.004991,0.069245,st,0.000384,20
598,3.493300,0.019348,0.029575,0.011889,0.019310,0.019310,lt,0.000386,20
186,3.491210,0.017957,0.029575,0.060886,0.007383,0.060886,st,0.000386,20
454,3.494140,0.019608,0.029577,0.025470,0.024239,0.025470,st,0.000388,20
256,3.489960,0.019355,0.029581,0.012258,0.000571,0.012258,st,0.000392,20
51,3.493300,0.018303,0.029585,0.042772,0.019638,0.042772,st,0.000396,20
169,3.491420,0.017974,0.029588,0.060000,0.009004,0.060000,st,0.000399,20
168,3.491840,0.017943,0.029594,0.061579,0.011593,0.061579,st,0.000405,22
59,3.491840,0.017906,0.029596,0.063544,0.011655,0.063544,st,0.000407,22
160,3.493300,0.018246,0.029597,0.045764,0.020061,0.045764,st,0.000408,22
392,3.493100,0.019291,0.029598,0.008908,0.018938,0.018938,lt,0.000409,22
53,3.493300,0.018027,0.029598,0.057229,0.020104,0.057229,st,0.000409,22
488,3.492050,0.019230,0.029600,0.005698,0.012977,0.012977,lt,0.000411,22
5,3.490160,0.018606,0.029601,0.026920,0.002372,0.026920,st,0.000412,22
385,3.494770,0.019372,0.029607,0.013144,0.028988,0.028988,lt,0.000418,22
405,3.494140,0.020250,0.029609,0.059055,0.025347,0.059055,st,0.000420,22
206,3.492460,0.018042,0.029623,0.056445,0.016120,0.056445,st,0.000434,22
436,3.492890,0.020336,0.029624,0.063552,0.018619,0.063552,st,0.000435,24
72,3.488910,0.017680,0.029627,0.075371,0.003698,0.075371,st,0.000438,24
151,3.492050,0.018434,0.029629,0.035913,0.013977,0.035913,st,0.000440,24
343,3.489530,0.019531,0.029634,0.021475,0.000029,0.021475,st,0.000445,24
453,3.493730,0.019624,0.029636,0.026297,0.023904,0.026297,st,0.000447,24
527,3.492680,0.019421,0.029641,0.015694,0.017992,0.017992,lt,0.000452,24
476,3.492890,0.019746,0.029643,0.032706,0.019291,0.032706,st,0.000454,24
185,3.491640,0.018580,0.029644,0.028304,0.012167,0.028304,st,0.000455,24
419,3.493520,0.019491,0.029646,0.019385,0.023023,0.023023,lt,0.000457,24
154,3.493300,0.018050,0.029648,0.055981,0.021829,0.055981,st,0.000459,24
98,3.488690,0.017995,0.029659,0.058878,0.003839,0.058878,st,0.000470,26
502,3.492050,0.019016,0.029672,0.005501,0.015445,0.015445,lt,0.000483,26
387,3.494570,0.019363,0.029674,0.012650,0.030122,0.030122,lt,0.000485,26
473,3.491420,0.019235,0.029676,0.005953,0.012000,0.012000,lt,0.000487,26
218,3.490590,0.017884,0.029676,0.064666,0.007324,0.064666,st,0.000487,26
468,3.494140,0.019316,0.029682,0.010198,0.027893,0.027893,lt,0.000493,26
73,3.488690,0.017852,0.029684,0.066365,0.002998,0.066365,st,0.000495,26
500,3.491840,0.019295,0.029688,0.009100,0.014784,0.014784,lt,0.000499,26
68,3.487660,0.017858,0.029693,0.066028,0.008320,0.066028,st,0.000504,26
509,3.492680,0.019314,0.029696,0.010120,0.019880,0.019880,lt,0.000507,26
549,3.492680,0.019353,0.029699,0.012145,0.019998,0.019998,lt,0.000510,28
253,3.492260,0.018958,0.029699,0.008493,0.017587,0.017587,lt,0.000510,28
361,3.488490,0.019065,0.029700,0.002938,0.003560,0.003560,lt,0.000511,28
217,3.490160,0.017755,0.029706,0.071403,0.005919,0.071403,st,0.000517,28
394,3.492890,0.019707,0.029710,0.030685,0.021591,0.030685,st,0.000521,28
465,3.493730,0.019422,0.029720,0.015754,0.026815,0.026815,lt,0.000531,28
478,3.492460,0.019159,0.029734,0.001987,0.019938,0.019938,lt,0.000545,28
464,3.492680,0.019320,0.029735,0.010399,0.021236,0.021236,lt,0.000546,28
57,3.492460,0.017985,0.029740,0.059377,0.020139,0.059377,st,0.000551,28
93,3.488910,0.017915,0.029746,0.063076,0.000300,0.063076,st,0.000557,28
71,3.488490,0.018311,0.029759,0.042341,0.001588,0.042341,st,0.000570,30
54,3.491640,0.018143,0.029760,0.051113,0.016128,0.051113,st,0.000571,30
597,3.491420,0.019449,0.029761,0.017154,0.014881,0.017154,st,0.000572,30
460,3.493520,0.020451,0.029763,0.069556,0.027075,0.069556,st,0.000574,30
196,3.491210,0.018622,0.029771,0.026063,0.014048,0.026063,st,0.000582,30
435,3.492260,0.019409,0.029778,0.015085,0.020299,0.020299,lt,0.000589,30
420,3.491840,0.019202,0.029782,0.004226,0.018004,0.018004,lt,0.000593,30
599,3.492460,0.019281,0.029783,0.008403,0.021620,0.021620,lt,0.000594,30
576,3.492050,0.019299,0.029785,0.009337,0.019316,0.019316,lt,0.000596,30
414,3.493300,0.019243,0.029795,0.006406,0.026879,0.026879,lt,0.000606,30
263,3.492050,0.020140,0.029802,0.053310,0.019902,0.053310,st,0.000613,32
87,3.489330,0.017935,0.029804,0.061994,0.004600,0.061994,st,0.000615,32
195,3.493100,0.018189,0.029838,0.048744,0.027198,0.048744,st,0.000649,32
531,3.490800,0.019233,0.029852,0.005853,0.014486,0.014486,lt,0.000663,32
147,3.493300,0.018019,0.029853,0.057604,0.028878,0.057604,st,0.000664,32
364,3.488280,0.018780,0.029866,0.017812,0.000841,0.017812,st,0.000677,32
194,3.491420,0.017782,0.029878,0.070023,0.018900,0.070023,st,0.000689,32
508,3.490800,0.019679,0.029881,0.029199,0.015472,0.029199,st,0.000692,32
365,3.488070,0.018898,0.029893,0.011632,0.000598,0.011632,st,0.000704,32
266,3.487660,0.018912,0.029894,0.010895,0.001633,0.010895,st,0.000705,32
510,3.490590,0.019060,0.029900,0.003192,0.014918,0.014918,lt,0.000711,34
176,3.490800,0.018031,0.029910,0.057007,0.016445,0.057007,st,0.000721,34
403,3.494140,0.019315,0.029915,0.010148,0.035955,0.035955,lt,0.000726,34
569,3.490370,0.019290,0.029916,0.008833,0.014193,0.014193,lt,0.000726,34
421,3.492680,0.019062,0.029916,0.003055,0.027438,0.027438,lt,0.000727,34
586,3.491420,0.019315,0.029921,0.010152,0.020354,0.020354,lt,0.000732,34
560,3.490800,0.019297,0.029921,0.009223,0.016831,0.016831,lt,0.000732,34
451,3.493930,0.019780,0.029925,0.034486,0.035066,0.035066,lt,0.000736,34
455,3.493300,0.020202,0.029926,0.056541,0.031416,0.056541,st,0.000737,34
251,3.491640,0.019384,0.029933,0.013751,0.022021,0.022021,lt,0.000744,34
580,3.492050,0.019159,0.029945,0.001987,0.024797,0.024797,lt,0.000756,36
207,3.491000,0.017811,0.029946,0.068480,0.018810,0.068480,st,0.000757,36
461,3.492460,0.019182,0.029950,0.003187,0.027336,0.027336,lt,0.000761,36
486,3.491840,0.020387,0.029951,0.066215,0.023772,0.066215,st,0.000762,36
456,3.492460,0.020014,0.029951,0.046694,0.027361,0.046694,st,0.000762,36
52,3.492460,0.017932,0.029964,0.062164,0.027820,0.062164,st,0.000775,36
314,3.487850,0.019101,0.029965,0.001048,0.001796,0.001796,lt,0.000776,36
547,3.490590,0.019355,0.029971,0.012273,0.017339,0.017339,lt,0.000782,36
506,3.492460,0.019223,0.029988,0.005369,0.028628,0.028628,lt,0.000799,36
55,3.492050,0.018685,0.029997,0.022812,0.026588,0.026588,lt,0.000808,36
101,3.492460,0.018514,0.030032,0.031736,0.030132,0.031736,st,0.000843,38
503,3.492260,0.019312,0.030034,0.009991,0.029066,0.029066,lt,0.000845,38
379,3.486600,0.018858,0.030042,0.013749,0.002481,0.013749,st,0.000853,38
565,3.491640,0.019326,0.030050,0.010730,0.026034,0.026034,lt,0.000861,38
556,3.491210,0.019546,0.030054,0.022233,0.023679,0.023679,lt,0.000865,38
489,3.491000,0.019189,0.030063,0.003593,0.022787,0.022787,lt,0.000874,38
572,3.490590,0.019122,0.030064,0.000073,0.020489,0.020489,lt,0.000875,38
193,3.488490,0.017944,0.030094,0.061533,0.009673,0.061533,st,0.000905,38
483,3.490800,0.019285,0.030110,0.008608,0.023243,0.023243,lt,0.000921,38
393,3.493300,0.019402,0.030111,0.014694,0.037788,0.037788,lt,0.000922,38
157,3.483050,0.017761,0.030114,0.071125,0.019124,0.071125,st,0.000925,40
56,3.491210,0.018136,0.030121,0.051491,0.025975,0.051491,st,0.000932,40
480,3.488910,0.019232,0.030145,0.005821,0.013720,0.013720,lt,0.000956,40
487,3.490590,0.019061,0.030147,0.003121,0.023302,0.023302,lt,0.000958,40
537,3.489120,0.019211,0.030165,0.004735,0.015574,0.015574,lt,0.000976,40
578,3.491000,0.019242,0.030168,0.006314,0.026366,0.026366,lt,0.000979,40
184,3.489960,0.017967,0.030201,0.060346,0.021550,0.060346,st,0.001012,40
534,3.489960,0.019322,0.030204,0.010538,0.021643,0.021643,lt,0.001015,40
380,3.494570,0.019221,0.030205,0.005257,0.048577,0.048577,lt,0.001016,40
494,3.489750,0.019269,0.030206,0.007743,0.020516,0.020516,lt,0.001017,40
447,3.488690,0.019405,0.030223,0.014847,0.015112,0.015112,lt,0.001034,42
398,3.489750,0.019183,0.030239,0.003238,0.021624,0.021624,lt,0.001050,42
551,3.489530,0.019591,0.030249,0.024616,0.020712,0.024616,st,0.001060,42
406,3.492460,0.019283,0.030266,0.008459,0.038169,0.038169,lt,0.001077,42
153,3.490160,0.018115,0.030276,0.052593,0.025204,0.052593,st,0.001087,42
555,3.489120,0.019361,0.030281,0.012570,0.019487,0.019487,lt,0.001092,42
378,3.488690,0.019122,0.030288,0.000044,0.017293,0.017293,lt,0.001099,42
512,3.490160,0.019520,0.030291,0.020902,0.025710,0.025710,lt,0.001102,42
400,3.490800,0.019449,0.030326,0.017154,0.030570,0.030570,lt,0.001137,42
501,3.492680,0.019572,0.030328,0.023594,0.041580,0.041580,lt,0.001139,42
369,3.486390,0.018951,0.030390,0.008870,0.007926,0.008870,st,0.001201,44
145,3.491000,0.019622,0.030409,0.026227,0.034555,0.034555,lt,0.001220,44
491,3.488910,0.019200,0.030457,0.004160,0.024223,0.024223,lt,0.001268,44
553,3.490590,0.019406,0.030469,0.014938,0.034237,0.034237,lt,0.001280,44
383,3.492460,0.019725,0.030481,0.031596,0.045538,0.045538,lt,0.001292,44
410,3.489960,0.019548,0.030517,0.022368,0.032214,0.032214,lt,0.001328,44
504,3.489330,0.019197,0.030523,0.004011,0.028809,0.028809,lt,0.001334,44
474,3.489530,0.019643,0.030529,0.027294,0.030171,0.030171,lt,0.001340,44
381,3.493930,0.019624,0.030548,0.026329,0.056597,0.056597,lt,0.001359,44
470,3.490370,0.019251,0.030593,0.006810,0.037147,0.037147,lt,0.001404,44
433,3.486820,0.019288,0.030626,0.008728,0.018132,0.018132,lt,0.001437,46
448,3.487030,0.019348,0.030641,0.011880,0.019805,0.019805,lt,0.001452,46
438,3.488490,0.019599,0.030682,0.025009,0.029377,0.029377,lt,0.001493,46
402,3.490800,0.019331,0.030770,0.010969,0.045661,0.045661,lt,0.001581,46
484,3.487030,0.019292,0.030777,0.008973,0.024326,0.024326,lt,0.001588,46
554,3.489530,0.019236,0.030795,0.006008,0.039141,0.039141,lt,0.001606,46
507,3.489960,0.019340,0.030866,0.011442,0.044029,0.044029,lt,0.001677,46
600,3.486600,0.019254,0.030953,0.006945,0.027761,0.027761,lt,0.001764,46
384,3.490370,0.019540,0.030968,0.021925,0.049880,0.049880,lt,0.001779,46
492,3.487660,0.019299,0.030976,0.009302,0.034509,0.034509,lt,0.001787,46
475,3.487660,0.019241,0.031043,0.006307,0.036737,0.036737,lt,0.001854,48
577,3.489330,0.019601,0.031133,0.025100,0.049384,0.049384,lt,0.001944,48
415,3.486820,0.019393,0.031166,0.014219,0.036078,0.036078,lt,0.001977,48
412,3.487660,0.019390,0.031206,0.014087,0.042201,0.042201,lt,0.002017,48
452,3.486820,0.019504,0.031392,0.020038,0.043604,0.043604,lt,0.002203,48
391,3.485980,0.019529,0.031418,0.021370,0.039666,0.039666,lt,0.002229,48
471,3.487660,0.019368,0.031478,0.012918,0.051292,0.051292,lt,0.002289,48
401,3.486820,0.019482,0.031966,0.018908,0.062676,0.062676,lt,0.002777,48
149,3.492890,0.019289,0.032939,0.008788,0.132622,0.132622,lt,0.003750,48
62,3.491640,0.017894,0.033546,0.064154,0.145368,0.145368,lt,0.004357,48
301,3.557820,0.020604,0.019525,0.077565,0.060943,0.077565,st,-0.009664,59
33,3.491840,0.017150,0.024884,0.103044,0.149416,0.149416,lt,-0.004305,59
12,3.491840,0.017475,0.026225,0.086098,0.103571,0.103571,lt,-0.002964,59
35,3.493730,0.024408,0.026895,0.276495,0.070810,0.276495,st,-0.002294,59
24,3.493730,0.017523,0.026911,0.083569,0.070258,0.083569,st,-0.002278,59
15,3.492260,0.017330,0.026923,0.093656,0.077530,0.093656,st,-0.002266,59
44,3.493730,0.017392,0.027082,0.090407,0.064328,0.090407,st,-0.002107,59
20,3.493930,0.017671,0.027217,0.075820,0.058592,0.075820,st,-0.001972,59
28,3.493930,0.017480,0.027228,0.085818,0.058222,0.085818,st,-0.001961,59
100,3.493520,0.026359,0.027260,0.378560,0.059326,0.378560,st,-0.001929,59
30,3.492680,0.017442,0.027371,0.087789,0.059958,0.087789,st,-0.001818,0
114,3.493300,0.025261,0.027381,0.321114,0.056298,0.321114,st,-0.001808,58
47,3.492680,0.017611,0.027418,0.078944,0.058357,0.078944,st,-0.001771,58
65,3.493730,0.027319,0.027454,0.428750,0.051492,0.428750,st,-0.001735,58
69,3.489960,0.029586,0.027528,0.547303,0.068875,0.547303,st,-0.001661,58
34,3.494140,0.018250,0.027592,0.045535,0.044484,0.045535,st,-0.001597,58
46,3.493300,0.021361,0.027759,0.117150,0.043287,0.117150,st,-0.001430,58
77,3.490800,0.027721,0.027857,0.449761,0.053325,0.449761,st,-0.001332,58
41,3.491210,0.025473,0.027867,0.332235,0.050793,0.332235,st,-0.001322,58
299,3.490370,0.018782,0.027908,0.017727,0.053869,0.053869,lt,-0.001281,58
548,3.496660,0.020676,0.027981,0.081338,0.016902,0.081338,st,-0.001208,58
64,3.492260,0.028222,0.028039,0.475979,0.039312,0.475979,st,-0.001150,0
357,3.494770,0.018820,0.028187,0.015725,0.020363,0.020363,lt,-0.001002,56
31,3.488690,0.017526,0.028234,0.083429,0.051708,0.083429,st,-0.000955,56
118,3.493730,0.017742,0.028252,0.072120,0.023900,0.072120,st,-0.000937,56
86,3.493520,0.027317,0.028261,0.428681,0.024758,0.428681,st,-0.000928,56
198,3.492890,0.024644,0.028322,0.288864,0.026146,0.288864,st,-0.000867,56
244,3.492460,0.018753,0.028374,0.019260,0.026728,0.026728,lt,-0.000815,56
566,3.496660,0.019512,0.028437,0.020450,0.000895,0.020450,st,-0.000752,56
79,3.492890,0.021541,0.028464,0.126566,0.021274,0.126566,st,-0.000725,56
255,3.492460,0.021922,0.028465,0.146510,0.023610,0.146510,st,-0.000724,56
128,3.492050,0.023653,0.028511,0.237048,0.024285,0.237048,st,-0.000678,56
204,3.492680,0.023232,0.028530,0.215015,0.020142,0.215015,st,-0.000659,0
559,3.495820,0.019182,0.028539,0.003227,0.002160,0.003227,st,-0.000650,54
227,3.492890,0.017540,0.028558,0.082652,0.018046,0.082652,st,-0.000631,54
595,3.494980,0.019417,0.028594,0.015495,0.005044,0.015495,st,-0.000595,54
479,3.494350,0.019515,0.028632,0.020610,0.007305,0.020610,st,-0.000557,54
94,3.489330,0.023015,0.028666,0.203688,0.033769,0.203688,st,-0.000523,54
40,3.490800,0.017609,0.028687,0.079063,0.025105,0.079063,st,-0.000502,54
366,3.493930,0.018913,0.028706,0.010876,0.007106,0.010876,st,-0.000483,54
258,3.492460,0.021786,0.028727,0.139399,0.014611,0.139399,st,-0.000462,54
104,3.493520,0.018183,0.028757,0.049028,0.007662,0.049028,st,-0.000432,54
123,3.493520,0.017787,0.028787,0.069752,0.006607,0.069752,st,-0.000402,54
89,3.493520,0.023181,0.028808,0.212332,0.005886,0.212332,st,-0.000381,0
200,3.493730,0.020996,0.028808,0.098073,0.004690,0.098073,st,-0.000381,52
135,3.492680,0.020771,0.028812,0.086280,0.010481,0.086280,st,-0.000377,52
181,3.493100,0.017904,0.028825,0.063622,0.007688,0.063622,st,-0.000364,52
567,3.495190,0.019480,0.028865,0.018784,0.005589,0.018784,st,-0.000324,52
92,3.493300,0.017856,0.028898,0.066160,0.004017,0.066160,st,-0.000291,52
80,3.493300,0.017930,0.028928,0.062286,0.002984,0.062286,st,-0.000261,52
63,3.492680,0.023375,0.028957,0.222478,0.005492,0.222478,st,-0.000232,52
411,3.493930,0.023953,0.028975,0.252725,0.002195,0.252725,st,-0.000214,52
349,3.492050,0.019238,0.028976,0.006115,0.008364,0.008364,lt,-0.000213,52
536,3.493930,0.021096,0.028991,0.103308,0.002765,0.103308,st,-0.000198,52
172,3.493300,0.017879,0.029028,0.064931,0.000447,0.064931,st,-0.000161,0
317,3.488910,0.020860,0.029060,0.090953,0.022771,0.090953,st,-0.000129,50
122,3.492460,0.017940,0.029066,0.061754,0.002976,0.061754,st,-0.000123,50
528,3.493300,0.021077,0.029089,0.102294,0.002558,0.102294,st,-0.000100,50
540,3.493520,0.019170,0.029111,0.002549,0.004557,0.004557,lt,-0.000078,50
532,3.493100,0.024566,0.029121,0.284789,0.002504,0.284789,st,-0.000068,50
498,3.493300,0.019027,0.029134,0.004889,0.004107,0.004889,st,-0.000055,50
29,3.491640,0.017579,0.029166,0.080613,0.004176,0.080613,st,-0.000023,50
248,3.489530,0.018594,0.029168,0.027549,0.015752,0.027549,st,-0.000021,50
173,3.493730,0.017995,0.029193,0.058891,0.008597,0.058891,st,0.000004,50
159,3.490800,0.023711,0.029213,0.240039,0.007236,0.240039,st,0.000024,50
526,3.493930,0.019047,0.029220,0.003842,0.010688,0.010688,lt,0.000031,0
254,3.492890,0.024475,0.029257,0.280011,0.006018,0.280011,st,0.000068,51
105,3.492680,0.017738,0.029271,0.072295,0.005292,0.072295,st,0.000082,51
264,3.492680,0.019000,0.029322,0.006328,0.007048,0.007048,lt,0.000133,51
91,3.488910,0.024461,0.029323,0.279310,0.013937,0.279310,st,0.000134,51
141,3.493730,0.017965,0.029336,0.060465,0.013541,0.060465,st,0.000147,51
252,3.492460,0.025450,0.029373,0.330988,0.007547,0.330988,st,0.000184,51
423,3.493520,0.019039,0.029376,0.004278,0.013700,0.013700,lt,0.000187,51
585,3.492460,0.019153,0.029436,0.001694,0.009701,0.009701,lt,0.000247,51
152,3.492890,0.018014,0.029475,0.057902,0.013483,0.057902,st,0.000285,51
187,3.493300,0.017864,0.029515,0.065748,0.017225,0.065748,st,0.000326,51
466,3.492260,0.020121,0.029554,0.052312,0.012624,0.052312,st,0.000365,0
408,3.493520,0.021451,0.029562,0.121872,0.020141,0.121872,st,0.000373,53
550,3.493300,0.019228,0.029593,0.005619,0.019928,0.019928,lt,0.000404,53
351,3.492260,0.019374,0.029623,0.013225,0.014977,0.014977,lt,0.000434,53
417,3.492460,0.021410,0.029626,0.119718,0.016233,0.119718,st,0.000437,53
370,3.490590,0.019222,0.029657,0.005296,0.006674,0.006674,lt,0.000468,53
352,3.488280,0.022267,0.029658,0.164551,0.006106,0.164551,st,0.000469,53
407,3.493100,0.020634,0.029676,0.079138,0.021633,0.079138,st,0.000487,53
440,3.491000,0.019359,0.029696,0.012438,0.010315,0.012438,st,0.000507,53
66,3.488280,0.017550,0.029705,0.082141,0.004550,0.082141,st,0.000516,53
457,3.492890,0.021481,0.029728,0.123435,0.022193,0.123435,st,0.000539,53
171,3.491000,0.018024,0.029752,0.057382,0.012199,0.057382,st,0.000563,0
389,3.493100,0.019091,0.029802,0.001565,0.025957,0.025957,lt,0.000613,55
558,3.489960,0.022993,0.029821,0.202521,0.008693,0.202521,st,0.000632,55
362,3.485760,0.024416,0.029859,0.276929,0.013105,0.276929,st,0.000670,55
463,3.492050,0.019984,0.029895,0.045125,0.023074,0.045125,st,0.000706,55
590,3.490590,0.019153,0.029937,0.001662,0.016161,0.016161,lt,0.000748,55
482,3.491640,0.019363,0.030009,0.012665,0.024616,0.024616,lt,0.000820,55
84,3.486390,0.018182,0.030113,0.049109,0.001268,0.049109,st,0.000924,55
505,3.490590,0.019182,0.030209,0.003214,0.025400,0.025400,lt,0.001020,55
382,3.493930,0.019327,0.030332,0.010800,0.049133,0.049133,lt,0.001143,55
424,3.488690,0.022316,0.030346,0.167095,0.019247,0.167095,st,0.001157,55
386,3.491000,0.019349,0.030622,0.011961,0.041790,0.041790,lt,0.001433,0
469,3.488690,0.019214,0.031011,0.004850,0.041584,0.041584,lt,0.001822,57
119,3.493100,0.025611,0.031119,0.339418,0.071290,0.339418,st,0.001930,57
404,3.485980,0.021243,0.031618,0.110968,0.046314,0.110968,st,0.002429,57
165,3.483300,0.017567,0.032623,0.081277,0.064041,0.081277,st,0.003434,57
117,3.494140,0.017355,0.032974,0.092335,0.141884,0.141884,lt,0.003785,57
430,3.464830,0.019275,0.033697,0.008071,0.000022,0.008071,st,0.004508,57
156,3.492680,0.017766,0.033766,0.070864,0.159665,0.159665,lt,0.004577,57
231,3.490590,0.017881,0.034511,0.064859,0.171415,0.171415,lt,0.005322,57
232,3.490590,0.017387,0.035184,0.090688,0.194270,0.194270,lt,0.005995,57
234,3.493520,0.018774,0.035366,0.018119,0.220408,0.220408,lt,0.006177,57
235,3.489960,0.018702,0.035885,0.021891,0.213779,0.213779,lt,0.006695,0
